REF_ID,REF_Fst,weights,xCoord.S1,yCoord.S1,xCoord.S2,yCoord.S2,s1.,s2.
ref175,0.43,1,152.119761,-32.779598,146.984645,-43.440167,ref175_AB,ref175_SO
ref175,0.391,1,152.119761,-32.779598,149.894183,-37.073425,ref175_AB,ref175_ED
ref175,0.389,1,152.119761,-32.779598,148.305147,-41.882361,ref175_AB,ref175_BI
ref175,0.192,1,152.119761,-32.779598,150.23348,-35.791819,ref175_AB,ref175_MB
ref175,0.174,1,152.119761,-32.779598,150.871538,-34.575196,ref175_AB,ref175_SH
ref175,0.146,1,152.119761,-32.779598,150.942834,-34.300065,ref175_AB,ref175_SP
ref175,0.132,1,152.119761,-32.779598,151.451,-33.446119,ref175_AB,ref175_TE
ref175,0.124,1,152.119761,-32.779598,151.328978,-33.59912,ref175_AB,ref175_PB
ref175,0.12,1,152.119761,-32.779598,151.157117,-34.070729,ref175_AB,ref175_CR
ref175,0.115,1,152.119761,-32.779598,151.485043,-33.384345,ref175_AB,ref175_BB
ref175,0.355,1,151.485043,-33.384345,146.984645,-43.440167,ref175_BB,ref175_SO
ref175,0.338,1,151.485043,-33.384345,148.305147,-41.882361,ref175_BB,ref175_BI
ref175,0.326,1,151.485043,-33.384345,149.894183,-37.073425,ref175_BB,ref175_ED
ref175,0.116,1,151.485043,-33.384345,150.23348,-35.791819,ref175_BB,ref175_MB
ref175,0.081,1,151.485043,-33.384345,150.871538,-34.575196,ref175_BB,ref175_SH
ref175,0.037,1,151.485043,-33.384345,150.942834,-34.300065,ref175_BB,ref175_SP
ref175,0.029,1,151.485043,-33.384345,151.157117,-34.070729,ref175_BB,ref175_CR
ref175,0.024,1,151.485043,-33.384345,151.328978,-33.59912,ref175_BB,ref175_PB
ref175,0.022,1,151.485043,-33.384345,151.451,-33.446119,ref175_BB,ref175_TE
ref175,0.255,1,148.305147,-41.882361,146.984645,-43.440167,ref175_BI,ref175_SO
ref175,0.366,1,151.157117,-34.070729,146.984645,-43.440167,ref175_CR,ref175_SO
ref175,0.34,1,151.157117,-34.070729,148.305147,-41.882361,ref175_CR,ref175_BI
ref175,0.339,1,151.157117,-34.070729,149.894183,-37.073425,ref175_CR,ref175_ED
ref175,0.119,1,151.157117,-34.070729,150.23348,-35.791819,ref175_CR,ref175_MB
ref175,0.07,1,151.157117,-34.070729,150.871538,-34.575196,ref175_CR,ref175_SH
ref175,0.039,1,151.157117,-34.070729,150.942834,-34.300065,ref175_CR,ref175_SP
ref175,0.367,1,149.894183,-37.073425,146.984645,-43.440167,ref175_ED,ref175_SO
ref175,0.303,1,149.894183,-37.073425,148.305147,-41.882361,ref175_ED,ref175_BI
ref175,0.543,1,152.54628,-32.070239,146.984645,-43.440167,ref175_FO,ref175_SO
ref175,0.491,1,152.54628,-32.070239,148.305147,-41.882361,ref175_FO,ref175_BI
ref175,0.462,1,152.54628,-32.070239,149.894183,-37.073425,ref175_FO,ref175_ED
ref175,0.288,1,152.54628,-32.070239,152.119761,-32.779598,ref175_FO,ref175_AB
ref175,0.281,1,152.54628,-32.070239,150.23348,-35.791819,ref175_FO,ref175_MB
ref175,0.251,1,152.54628,-32.070239,150.871538,-34.575196,ref175_FO,ref175_SH
ref175,0.217,1,152.54628,-32.070239,150.942834,-34.300065,ref175_FO,ref175_SP
ref175,0.212,1,152.54628,-32.070239,151.328978,-33.59912,ref175_FO,ref175_PB
ref175,0.202,1,152.54628,-32.070239,151.451,-33.446119,ref175_FO,ref175_TE
ref175,0.194,1,152.54628,-32.070239,151.157117,-34.070729,ref175_FO,ref175_CR
ref175,0.192,1,152.54628,-32.070239,151.485043,-33.384345,ref175_FO,ref175_BB
ref175,0.367,1,150.23348,-35.791819,146.984645,-43.440167,ref175_MB,ref175_SO
ref175,0.302,1,150.23348,-35.791819,148.305147,-41.882361,ref175_MB,ref175_BI
ref175,0.266,1,150.23348,-35.791819,149.894183,-37.073425,ref175_MB,ref175_ED
ref175,0.355,1,151.328978,-33.59912,146.984645,-43.440167,ref175_PB,ref175_SO
ref175,0.344,1,151.328978,-33.59912,149.894183,-37.073425,ref175_PB,ref175_ED
ref175,0.336,1,151.328978,-33.59912,148.305147,-41.882361,ref175_PB,ref175_BI
ref175,0.126,1,151.328978,-33.59912,150.23348,-35.791819,ref175_PB,ref175_MB
ref175,0.06,1,151.328978,-33.59912,150.871538,-34.575196,ref175_PB,ref175_SH
ref175,0.035,1,151.328978,-33.59912,150.942834,-34.300065,ref175_PB,ref175_SP
ref175,0.022,1,151.328978,-33.59912,151.157117,-34.070729,ref175_PB,ref175_CR
ref175,0.568,1,152.843581,-31.594615,146.984645,-43.440167,ref175_PM,ref175_SO
ref175,0.516,1,152.843581,-31.594615,148.305147,-41.882361,ref175_PM,ref175_BI
ref175,0.472,1,152.843581,-31.594615,149.894183,-37.073425,ref175_PM,ref175_ED
ref175,0.299,1,152.843581,-31.594615,150.23348,-35.791819,ref175_PM,ref175_MB
ref175,0.278,1,152.843581,-31.594615,152.54628,-32.070239,ref175_PM,ref175_FO
ref175,0.276,1,152.843581,-31.594615,150.871538,-34.575196,ref175_PM,ref175_SH
ref175,0.275,1,152.843581,-31.594615,152.119761,-32.779598,ref175_PM,ref175_AB
ref175,0.26,1,152.843581,-31.594615,150.942834,-34.300065,ref175_PM,ref175_SP
ref175,0.252,1,152.843581,-31.594615,151.485043,-33.384345,ref175_PM,ref175_BB
ref175,0.249,1,152.843581,-31.594615,151.328978,-33.59912,ref175_PM,ref175_PB
ref175,0.245,1,152.843581,-31.594615,151.451,-33.446119,ref175_PM,ref175_TE
ref175,0.235,1,152.843581,-31.594615,151.157117,-34.070729,ref175_PM,ref175_CR
ref175,0.385,1,150.871538,-34.575196,146.984645,-43.440167,ref175_SH,ref175_SO
ref175,0.353,1,150.871538,-34.575196,148.305147,-41.882361,ref175_SH,ref175_BI
ref175,0.341,1,150.871538,-34.575196,149.894183,-37.073425,ref175_SH,ref175_ED
ref175,0.142,1,150.871538,-34.575196,150.23348,-35.791819,ref175_SH,ref175_MB
ref175,0.388,1,150.942834,-34.300065,146.984645,-43.440167,ref175_SP,ref175_SO
ref175,0.362,1,150.942834,-34.300065,148.305147,-41.882361,ref175_SP,ref175_BI
ref175,0.355,1,150.942834,-34.300065,149.894183,-37.073425,ref175_SP,ref175_ED
ref175,0.133,1,150.942834,-34.300065,150.23348,-35.791819,ref175_SP,ref175_MB
ref175,0.069,1,150.942834,-34.300065,150.871538,-34.575196,ref175_SP,ref175_SH
ref175,0.344,1,151.451,-33.446119,146.984645,-43.440167,ref175_TE,ref175_SO
ref175,0.327,1,151.451,-33.446119,148.305147,-41.882361,ref175_TE,ref175_BI
ref175,0.326,1,151.451,-33.446119,149.894183,-37.073425,ref175_TE,ref175_ED
ref175,0.119,1,151.451,-33.446119,150.23348,-35.791819,ref175_TE,ref175_MB
ref175,0.098,1,151.451,-33.446119,150.871538,-34.575196,ref175_TE,ref175_SH
ref175,0.057,1,151.451,-33.446119,150.942834,-34.300065,ref175_TE,ref175_SP
ref175,0.051,1,151.451,-33.446119,151.328978,-33.59912,ref175_TE,ref175_PB
ref175,0.044,1,151.451,-33.446119,151.157117,-34.070729,ref175_TE,ref175_CR
ref224_i,0.144,1,153.467242,-27.066667,153.564283,-28.515617,ref224_i_China,ref224_i_Billi
ref224_i,0.118,1,153.467242,-27.066667,153.179563,-30.23899,ref224_i_China,ref224_i_SS
ref224_i,0.168,1,153.467242,-27.066667,153.143319,-30.267606,ref224_i_China,ref224_i_CBS
ref224_i,0.184,1,153.467242,-27.066667,152.844763,-31.594029,ref224_i_China,ref224_i_PM
ref224_i,0.245,1,153.467242,-27.066667,152.141544,-32.717747,ref224_i_China,ref224_i_PS
ref224_i,0.22,1,153.467242,-27.066667,150.880494,-34.592694,ref224_i_China,ref224_i_SH
ref224_i,0.459,1,153.467242,-27.066667,149.907472,-37.072117,ref224_i_China,ref224_i_E
ref224_i,0.678,1,153.467242,-27.066667,148.312163,-41.866667,ref224_i_China,ref224_i_Bich
ref224_i,0.663,1,153.467242,-27.066667,147.329334,-43.008758,ref224_i_China,ref224_i_Tas
ref224_i,0.073,1,153.564283,-28.515617,153.179563,-30.23899,ref224_i_Billi,ref224_i_SS
ref224_i,0.047,1,153.564283,-28.515617,153.143319,-30.267606,ref224_i_Billi,ref224_i_CBS
ref224_i,0.137,1,153.564283,-28.515617,152.844763,-31.594029,ref224_i_Billi,ref224_i_PM
ref224_i,0.165,1,153.564283,-28.515617,152.141544,-32.717747,ref224_i_Billi,ref224_i_PS
ref224_i,0.223,1,153.564283,-28.515617,150.880494,-34.592694,ref224_i_Billi,ref224_i_SH
ref224_i,0.386,1,153.564283,-28.515617,149.907472,-37.072117,ref224_i_Billi,ref224_i_E
ref224_i,0.573,1,153.564283,-28.515617,148.312163,-41.866667,ref224_i_Billi,ref224_i_Bich
ref224_i,0.56,1,153.564283,-28.515617,147.329334,-43.008758,ref224_i_Billi,ref224_i_Tas
ref224_i,0.047,1,153.179563,-30.23899,153.143319,-30.267606,ref224_i_SS,ref224_i_CBS
ref224_i,0.139,1,153.179563,-30.23899,152.844763,-31.594029,ref224_i_SS,ref224_i_PM
ref224_i,0.134,1,153.179563,-30.23899,152.141544,-32.717747,ref224_i_SS,ref224_i_PS
ref224_i,0.201,1,153.179563,-30.23899,150.880494,-34.592694,ref224_i_SS,ref224_i_SH
ref224_i,0.397,1,153.179563,-30.23899,149.907472,-37.072117,ref224_i_SS,ref224_i_E
ref224_i,0.585,1,153.179563,-30.23899,148.312163,-41.866667,ref224_i_SS,ref224_i_Bich
ref224_i,0.551,1,153.179563,-30.23899,147.329334,-43.008758,ref224_i_SS,ref224_i_Tas
ref224_i,0.157,1,153.143319,-30.267606,152.844763,-31.594029,ref224_i_CBS,ref224_i_PM
ref224_i,0.169,1,153.143319,-30.267606,152.141544,-32.717747,ref224_i_CBS,ref224_i_PS
ref224_i,0.229,1,153.143319,-30.267606,150.880494,-34.592694,ref224_i_CBS,ref224_i_SH
ref224_i,0.399,1,153.143319,-30.267606,149.907472,-37.072117,ref224_i_CBS,ref224_i_E
ref224_i,0.591,1,153.143319,-30.267606,148.312163,-41.866667,ref224_i_CBS,ref224_i_Bich
ref224_i,0.557,1,153.143319,-30.267606,147.329334,-43.008758,ref224_i_CBS,ref224_i_Tas
ref224_i,0.127,1,152.844763,-31.594029,152.141544,-32.717747,ref224_i_PM,ref224_i_PS
ref224_i,0.167,1,152.844763,-31.594029,150.880494,-34.592694,ref224_i_PM,ref224_i_SH
ref224_i,0.412,1,152.844763,-31.594029,149.907472,-37.072117,ref224_i_PM,ref224_i_E
ref224_i,0.639,1,152.844763,-31.594029,148.312163,-41.866667,ref224_i_PM,ref224_i_Bich
ref224_i,0.618,1,152.844763,-31.594029,147.329334,-43.008758,ref224_i_PM,ref224_i_Tas
ref224_i,0.127,1,152.141544,-32.717747,150.880494,-34.592694,ref224_i_PS,ref224_i_SH
ref224_i,0.382,1,152.141544,-32.717747,149.907472,-37.072117,ref224_i_PS,ref224_i_E
ref224_i,0.633,1,152.141544,-32.717747,148.312163,-41.866667,ref224_i_PS,ref224_i_Bich
ref224_i,0.6,1,152.141544,-32.717747,147.329334,-43.008758,ref224_i_PS,ref224_i_Tas
ref224_i,0.369,1,150.880494,-34.592694,149.907472,-37.072117,ref224_i_SH,ref224_i_E
ref224_i,0.602,1,150.880494,-34.592694,148.312163,-41.866667,ref224_i_SH,ref224_i_Bich
ref224_i,0.576,1,150.880494,-34.592694,147.329334,-43.008758,ref224_i_SH,ref224_i_Tas
ref224_i,0.384,1,149.907472,-37.072117,148.312163,-41.866667,ref224_i_E,ref224_i_Bich
ref224_i,0.319,1,149.907472,-37.072117,147.329334,-43.008758,ref224_i_E,ref224_i_Tas
ref224_i,0.234,1,148.312163,-41.866667,147.329334,-43.008758,ref224_i_Bich,ref224_i_Tas
ref224_ii,0.0665812,1,153.467242,-27.066667,153.564283,-28.515617,ref224_i_China,ref224_i_Billi
ref224_ii,0.0570265,1,153.467242,-27.066667,153.179563,-30.23899,ref224_i_China,ref224_i_SS
ref224_ii,0.0838704,1,153.467242,-27.066667,153.143319,-30.267606,ref224_i_China,ref224_i_CBS
ref224_ii,0.146068,1,153.467242,-27.066667,152.844763,-31.594029,ref224_i_China,ref224_i_PM
ref224_ii,0.226633,1,153.467242,-27.066667,152.141544,-32.717747,ref224_i_China,ref224_i_PS
ref224_ii,0.147716,1,153.467242,-27.066667,150.880494,-34.592694,ref224_i_China,ref224_i_SH
ref224_ii,0.340196,1,153.467242,-27.066667,149.907472,-37.072117,ref224_i_China,ref224_i_E
ref224_ii,0.616119,1,153.467242,-27.066667,148.312163,-41.866667,ref224_i_China,ref224_i_Bich
ref224_ii,0.569912,1,153.467242,-27.066667,147.329334,-43.008758,ref224_i_China,ref224_i_Tas
ref224_ii,0.0205173,1,153.564283,-28.515617,153.179563,-30.23899,ref224_i_Billi,ref224_i_SS
ref224_ii,0.0217828,1,153.564283,-28.515617,153.143319,-30.267606,ref224_i_Billi,ref224_i_CBS
ref224_ii,0.0505714,1,153.564283,-28.515617,152.844763,-31.594029,ref224_i_Billi,ref224_i_PM
ref224_ii,0.0808353,1,153.564283,-28.515617,152.141544,-32.717747,ref224_i_Billi,ref224_i_PS
ref224_ii,0.109129,1,153.564283,-28.515617,150.880494,-34.592694,ref224_i_Billi,ref224_i_SH
ref224_ii,0.305681,1,153.564283,-28.515617,149.907472,-37.072117,ref224_i_Billi,ref224_i_E
ref224_ii,0.545874,1,153.564283,-28.515617,148.312163,-41.866667,ref224_i_Billi,ref224_i_Bich
ref224_ii,0.496092,1,153.564283,-28.515617,147.329334,-43.008758,ref224_i_Billi,ref224_i_Tas
ref224_ii,0.0175413,1,153.179563,-30.23899,153.143319,-30.267606,ref224_i_SS,ref224_i_CBS
ref224_ii,0.046067,1,153.179563,-30.23899,152.844763,-31.594029,ref224_i_SS,ref224_i_PM
ref224_ii,0.0748249,1,153.179563,-30.23899,152.141544,-32.717747,ref224_i_SS,ref224_i_PS
ref224_ii,0.105182,1,153.179563,-30.23899,150.880494,-34.592694,ref224_i_SS,ref224_i_SH
ref224_ii,0.305005,1,153.179563,-30.23899,149.907472,-37.072117,ref224_i_SS,ref224_i_E
ref224_ii,0.544979,1,153.179563,-30.23899,148.312163,-41.866667,ref224_i_SS,ref224_i_Bich
ref224_ii,0.493317,1,153.179563,-30.23899,147.329334,-43.008758,ref224_i_SS,ref224_i_Tas
ref224_ii,0.0565689,1,153.143319,-30.267606,152.844763,-31.594029,ref224_i_CBS,ref224_i_PM
ref224_ii,0.09145,1,153.143319,-30.267606,152.141544,-32.717747,ref224_i_CBS,ref224_i_PS
ref224_ii,0.106077,1,153.143319,-30.267606,150.880494,-34.592694,ref224_i_CBS,ref224_i_SH
ref224_ii,0.30234,1,153.143319,-30.267606,149.907472,-37.072117,ref224_i_CBS,ref224_i_E
ref224_ii,0.543898,1,153.143319,-30.267606,148.312163,-41.866667,ref224_i_CBS,ref224_i_Bich
ref224_ii,0.497701,1,153.143319,-30.267606,147.329334,-43.008758,ref224_i_CBS,ref224_i_Tas
ref224_ii,0.0735891,1,152.844763,-31.594029,152.141544,-32.717747,ref224_i_PM,ref224_i_PS
ref224_ii,0.0706524,1,152.844763,-31.594029,150.880494,-34.592694,ref224_i_PM,ref224_i_SH
ref224_ii,0.268416,1,152.844763,-31.594029,149.907472,-37.072117,ref224_i_PM,ref224_i_E
ref224_ii,0.536034,1,152.844763,-31.594029,148.312163,-41.866667,ref224_i_PM,ref224_i_Bich
ref224_ii,0.488631,1,152.844763,-31.594029,147.329334,-43.008758,ref224_i_PM,ref224_i_Tas
ref224_ii,0.0489589,1,152.141544,-32.717747,150.880494,-34.592694,ref224_i_PS,ref224_i_SH
ref224_ii,0.234354,1,152.141544,-32.717747,149.907472,-37.072117,ref224_i_PS,ref224_i_E
ref224_ii,0.52574,1,152.141544,-32.717747,148.312163,-41.866667,ref224_i_PS,ref224_i_Bich
ref224_ii,0.47452,1,152.141544,-32.717747,147.329334,-43.008758,ref224_i_PS,ref224_i_Tas
ref224_ii,0.212731,1,150.880494,-34.592694,149.907472,-37.072117,ref224_i_SH,ref224_i_E
ref224_ii,0.497192,1,150.880494,-34.592694,148.312163,-41.866667,ref224_i_SH,ref224_i_Bich
ref224_ii,0.442608,1,150.880494,-34.592694,147.329334,-43.008758,ref224_i_SH,ref224_i_Tas
ref224_ii,0.313404,1,149.907472,-37.072117,148.312163,-41.866667,ref224_i_E,ref224_i_Bich
ref224_ii,0.245559,1,149.907472,-37.072117,147.329334,-43.008758,ref224_i_E,ref224_i_Tas
ref224_ii,0.180838,1,148.312163,-41.866667,147.329334,-43.008758,ref224_i_Bich,ref224_i_Tas
ref_225,0.025593,1,150.32,-20.09,143.55,-12.58,ref_225_BUGAT,ref_225_CURD
ref_225,0.036268,1,150.32,-20.09,146.38664,-17.51869,ref_225_BUGAT,ref_225_FeatherFlat
ref_225,0.032307,1,150.32,-20.09,145.99627,-16.92332,ref_225_BUGAT,ref_225_Fitzroy
ref_225,0.027264,1,150.32,-20.09,147,-18.44,ref_225_BUGAT,ref_225_KELSO
ref_225,0.033703,1,150.32,-20.09,145.46,-14.7,ref_225_BUGAT,ref_225_LI_SI
ref_225,0.02918,1,150.32,-20.09,143.57,-13.18,ref_225_BUGAT,ref_225_NIGHT
ref_225,0.027045,1,150.32,-20.09,146.48,-18.58,ref_225_BUGAT,ref_225_OI_CB
ref_225,0.041125,1,150.32,-20.09,150.9,-20.78,ref_225_BUGAT,ref_225_Reef20344
ref_225,0.027601,1,150.32,-20.09,143.97,-13.4,ref_225_BUGAT,ref_225_SB7
ref_225,0.028107,1,150.32,-20.09,144.52,-13.98,ref_225_BUGAT,ref_225_TYDE
ref_225,0.026336,1,150.32,-20.09,143.04,-11.45,ref_225_BUGAT,ref_225_WAL_IS
ref_225,0.025124,1,150.32,-20.09,143.64,-13.77,ref_225_BUGAT,ref_225_WILKIE
ref_225,0.016128,1,143.55,-12.58,146.38664,-17.51869,ref_225_CURD,ref_225_FeatherFlat
ref_225,0.014519,1,143.55,-12.58,145.99627,-16.92332,ref_225_CURD,ref_225_Fitzroy
ref_225,0.013735,1,143.55,-12.58,147,-18.44,ref_225_CURD,ref_225_KELSO
ref_225,0.020809,1,143.55,-12.58,145.46,-14.7,ref_225_CURD,ref_225_LI_SI
ref_225,0.010844,1,143.55,-12.58,143.57,-13.18,ref_225_CURD,ref_225_NIGHT
ref_225,0.011468,1,143.55,-12.58,146.48,-18.58,ref_225_CURD,ref_225_OI_CB
ref_225,0.027024,1,143.55,-12.58,150.9,-20.78,ref_225_CURD,ref_225_Reef20344
ref_225,0.012314,1,143.55,-12.58,143.97,-13.4,ref_225_CURD,ref_225_SB7
ref_225,0.010935,1,143.55,-12.58,144.52,-13.98,ref_225_CURD,ref_225_TYDE
ref_225,0.008971,1,143.55,-12.58,143.04,-11.45,ref_225_CURD,ref_225_WAL_IS
ref_225,0.009777,1,143.55,-12.58,143.64,-13.77,ref_225_CURD,ref_225_WILKIE
ref_225,0.021074,1,146.38664,-17.51869,145.99627,-16.92332,ref_225_FeatherFlat,ref_225_Fitzroy
ref_225,0.018729,1,146.38664,-17.51869,147,-18.44,ref_225_FeatherFlat,ref_225_KELSO
ref_225,0.028284,1,146.38664,-17.51869,145.46,-14.7,ref_225_FeatherFlat,ref_225_LI_SI
ref_225,0.018681,1,146.38664,-17.51869,143.57,-13.18,ref_225_FeatherFlat,ref_225_NIGHT
ref_225,0.015959,1,146.38664,-17.51869,146.48,-18.58,ref_225_FeatherFlat,ref_225_OI_CB
ref_225,0.036072,1,146.38664,-17.51869,150.9,-20.78,ref_225_FeatherFlat,ref_225_Reef20344
ref_225,0.017999,1,146.38664,-17.51869,143.97,-13.4,ref_225_FeatherFlat,ref_225_SB7
ref_225,0.016543,1,146.38664,-17.51869,144.52,-13.98,ref_225_FeatherFlat,ref_225_TYDE
ref_225,0.017009,1,146.38664,-17.51869,143.04,-11.45,ref_225_FeatherFlat,ref_225_WAL_IS
ref_225,0.015757,1,146.38664,-17.51869,143.64,-13.77,ref_225_FeatherFlat,ref_225_WILKIE
ref_225,0.01697,1,145.99627,-16.92332,147,-18.44,ref_225_Fitzroy,ref_225_KELSO
ref_225,0.028423,1,145.99627,-16.92332,145.46,-14.7,ref_225_Fitzroy,ref_225_LI_SI
ref_225,0.015243,1,145.99627,-16.92332,143.57,-13.18,ref_225_Fitzroy,ref_225_NIGHT
ref_225,0.016183,1,145.99627,-16.92332,146.48,-18.58,ref_225_Fitzroy,ref_225_OI_CB
ref_225,0.033332,1,145.99627,-16.92332,150.9,-20.78,ref_225_Fitzroy,ref_225_Reef20344
ref_225,0.016638,1,145.99627,-16.92332,143.97,-13.4,ref_225_Fitzroy,ref_225_SB7
ref_225,0.013876,1,145.99627,-16.92332,144.52,-13.98,ref_225_Fitzroy,ref_225_TYDE
ref_225,0.016446,1,145.99627,-16.92332,143.04,-11.45,ref_225_Fitzroy,ref_225_WAL_IS
ref_225,0.013707,1,145.99627,-16.92332,143.64,-13.77,ref_225_Fitzroy,ref_225_WILKIE
ref_225,0.023918,1,147,-18.44,145.46,-14.7,ref_225_KELSO,ref_225_LI_SI
ref_225,0.01433,1,147,-18.44,143.57,-13.18,ref_225_KELSO,ref_225_NIGHT
ref_225,0.014929,1,147,-18.44,146.48,-18.58,ref_225_KELSO,ref_225_OI_CB
ref_225,0.031041,1,147,-18.44,150.9,-20.78,ref_225_KELSO,ref_225_Reef20344
ref_225,0.014459,1,147,-18.44,143.97,-13.4,ref_225_KELSO,ref_225_SB7
ref_225,0.014156,1,147,-18.44,144.52,-13.98,ref_225_KELSO,ref_225_TYDE
ref_225,0.013086,1,147,-18.44,143.04,-11.45,ref_225_KELSO,ref_225_WAL_IS
ref_225,0.012396,1,147,-18.44,143.64,-13.77,ref_225_KELSO,ref_225_WILKIE
ref_225,0.023523,1,145.46,-14.7,143.57,-13.18,ref_225_LI_SI,ref_225_NIGHT
ref_225,0.021813,1,145.46,-14.7,146.48,-18.58,ref_225_LI_SI,ref_225_OI_CB
ref_225,0.042433,1,145.46,-14.7,150.9,-20.78,ref_225_LI_SI,ref_225_Reef20344
ref_225,0.023987,1,145.46,-14.7,143.97,-13.4,ref_225_LI_SI,ref_225_SB7
ref_225,0.022156,1,145.46,-14.7,144.52,-13.98,ref_225_LI_SI,ref_225_TYDE
ref_225,0.02069,1,145.46,-14.7,143.04,-11.45,ref_225_LI_SI,ref_225_WAL_IS
ref_225,0.019613,1,145.46,-14.7,143.64,-13.77,ref_225_LI_SI,ref_225_WILKIE
ref_225,0.012646,1,143.57,-13.18,146.48,-18.58,ref_225_NIGHT,ref_225_OI_CB
ref_225,0.031081,1,143.57,-13.18,150.9,-20.78,ref_225_NIGHT,ref_225_Reef20344
ref_225,0.014555,1,143.57,-13.18,143.97,-13.4,ref_225_NIGHT,ref_225_SB7
ref_225,0.013616,1,143.57,-13.18,144.52,-13.98,ref_225_NIGHT,ref_225_TYDE
ref_225,0.01185,1,143.57,-13.18,143.04,-11.45,ref_225_NIGHT,ref_225_WAL_IS
ref_225,0.009932,1,143.57,-13.18,143.64,-13.77,ref_225_NIGHT,ref_225_WILKIE
ref_225,0.029987,1,146.48,-18.58,150.9,-20.78,ref_225_OI_CB,ref_225_Reef20344
ref_225,0.013682,1,146.48,-18.58,143.97,-13.4,ref_225_OI_CB,ref_225_SB7
ref_225,0.013001,1,146.48,-18.58,144.52,-13.98,ref_225_OI_CB,ref_225_TYDE
ref_225,0.01335,1,146.48,-18.58,143.04,-11.45,ref_225_OI_CB,ref_225_WAL_IS
ref_225,0.010476,1,146.48,-18.58,143.64,-13.77,ref_225_OI_CB,ref_225_WILKIE
ref_225,0.031996,1,150.9,-20.78,143.97,-13.4,ref_225_Reef20344,ref_225_SB7
ref_225,0.030369,1,150.9,-20.78,144.52,-13.98,ref_225_Reef20344,ref_225_TYDE
ref_225,0.029698,1,150.9,-20.78,143.04,-11.45,ref_225_Reef20344,ref_225_WAL_IS
ref_225,0.027497,1,150.9,-20.78,143.64,-13.77,ref_225_Reef20344,ref_225_WILKIE
ref_225,0.013765,1,143.97,-13.4,144.52,-13.98,ref_225_SB7,ref_225_TYDE
ref_225,0.012289,1,143.97,-13.4,143.04,-11.45,ref_225_SB7,ref_225_WAL_IS
ref_225,0.011643,1,143.97,-13.4,143.64,-13.77,ref_225_SB7,ref_225_WILKIE
ref_225,0.01197,1,144.52,-13.98,143.04,-11.45,ref_225_TYDE,ref_225_WAL_IS
ref_225,0.010627,1,144.52,-13.98,143.64,-13.77,ref_225_TYDE,ref_225_WILKIE
ref_225,0.01025,1,143.04,-11.45,143.64,-13.77,ref_225_WAL_IS,ref_225_WILKIE
ref_226,0.041194445,1,114.282,-21.745774,115.51406,-20.361,ref_226_MI,ref_226_MB
ref_226,0.166223177,1,114.282,-21.745774,115.180399,-30.839265,ref_226_MI,ref_226_WI
ref_226,0.113365327,1,114.282,-21.745774,113.708556,-28.435958,ref_226_MI,ref_226_HAI
ref_226,0.05323625,1,114.282,-21.745774,113.137755,-25.144433,ref_226_MI,ref_226_SB
ref_226,0.075389544,1,114.282,-21.745774,113.5767,-23.6923,ref_226_MI,ref_226_NIN
ref_226,0.173691762,1,115.51406,-20.361,115.180399,-30.839265,ref_226_MB,ref_226_WI
ref_226,0.120062106,1,115.51406,-20.361,113.708556,-28.435958,ref_226_MB,ref_226_HAI
ref_226,0.069404019,1,115.51406,-20.361,113.137755,-25.144433,ref_226_MB,ref_226_SB
ref_226,0.091878456,1,115.51406,-20.361,113.5767,-23.6923,ref_226_MB,ref_226_NIN
ref_226,0.107153851,1,115.180399,-30.839265,113.708556,-28.435958,ref_226_WI,ref_226_HAI
ref_226,0.126041912,1,115.180399,-30.839265,113.137755,-25.144433,ref_226_WI,ref_226_SB
ref_226,0.170602594,1,115.180399,-30.839265,113.5767,-23.6923,ref_226_WI,ref_226_NIN
ref_226,0.081902894,1,113.708556,-28.435958,113.137755,-25.144433,ref_226_HAI,ref_226_SB
ref_226,0.123850176,1,113.708556,-28.435958,113.5767,-23.6923,ref_226_HAI,ref_226_NIN
ref_226,0.03351753,1,113.137755,-25.144433,113.5767,-23.6923,ref_226_SB,ref_226_NIN